Warehouse_ID,Location,Current_Stock,Demand_Forecast,Lead_Time_Days,Shipping_Time_Days,Stockout_Risk,Operational_Cost,Supplier_ID,Product_Category,Monthly_Sales,Order_Processing_Time,Return_Rate,Customer_Rating,Warehouse_Capacity,Storage_Cost,Transportation_Cost,Backorder_Quantity,Damaged_Goods,Employee_Count,Total_Delivery_Time,Delivery_Delay_Flag,Stock_to_Demand_Ratio,Logistics_Cost,Delivery_Efficiency,Inventory_Status
WH239,Dallas,3926,484,8,3,7,93895,S693,Groceries,4893,4.77,6.05,3.84,28701,16975,2778,228,26,83,16,Normal,8.11,113648,310,Excess
WH244,Houston,3032,5122,3,6,25,46847,S880,Electronics,4453,4.3,3.89,2.11,36198,14052,1535,288,16,39,13,Delayed,0.59,62434,334,Shortage
WH340,Chicago,4763,4343,5,5,16,64176,S116,Furniture,5956,1.03,7.34,4.21,22784,9863,13435,153,3,49,11,Delayed,1.1,87474,539,Balanced
WH428,Atlanta,2219,777,7,6,15,38940,S431,Apparel,5814,2.87,1.39,1.75,13172,15911,14508,143,39,35,16,Normal,2.86,69359,366,Excess
WH202,Dallas,809,4756,2,7,16,33933,S821,Electronics,2279,4.06,4.21,4.23,39619,19011,1904,296,30,67,13,Delayed,0.17,54848,174,Shortage
WH211,San Francisco,3840,666,9,1,19,30165,S459,Automotive,1326,0.66,2.41,1.11,32490,9766,807,181,17,20,11,Delayed,5.77,40738,124,Excess
WH008,Atlanta,4757,4776,7,7,12,38284,S655,Apparel,6186,3.08,4.2,1.01,19414,6995,8901,237,25,94,17,Normal,1,54180,362,Balanced
WH438,Atlanta,4803,2432,9,5,20,45299,S845,Electronics,5539,2.43,6.01,2.45,42401,17954,13519,172,9,91,16,Normal,1.97,76772,337,Excess
WH106,New York,1401,2940,10,6,22,36265,S456,Apparel,1822,1.29,3.15,4.74,18053,17284,773,205,17,78,17,Normal,0.48,54322,105,Shortage
WH099,New York,4213,3732,5,7,20,57333,S569,Electronics,4608,3.1,3.22,2.7,31286,5653,7017,97,44,58,15,Normal,1.13,70003,305,Excess
WH366,Los Angeles,1670,1713,10,2,20,71498,S813,Apparel,2147,0.72,3.95,1.61,37590,19542,13230,123,15,90,13,Delayed,0.97,104270,168,Balanced
WH286,Los Angeles,2208,1339,8,1,15,95778,S560,Automotive,5219,3.62,5.92,4.21,26580,13840,12534,160,31,34,13,Delayed,1.65,122152,413,Excess
WH023,San Francisco,2635,4395,10,7,23,73077,S603,Groceries,8989,3.62,9.46,2.02,36191,7937,14852,54,4,78,21,Normal,0.6,95866,435,Shortage
WH428,Seattle,1799,484,5,3,25,57671,S469,Apparel,4671,2.13,7.93,1.48,34452,18186,14587,253,36,94,10,Delayed,3.72,90444,461,Excess
WH080,Seattle,4041,2603,7,4,8,92226,S103,Furniture,4073,4.15,7.02,1.42,38531,15308,4244,194,49,93,15,Normal,1.55,111778,268,Excess
WH191,Seattle,848,4701,7,5,21,93258,S136,Groceries,9842,2.21,5.23,3.99,11429,12498,5777,175,5,64,14,Delayed,0.18,111533,692,Shortage
WH049,Dallas,4357,4984,2,5,24,40932,S759,Automotive,3420,1.01,3.93,2.26,42128,2181,8725,122,3,53,8,Delayed,0.87,51838,427,Shortage
WH233,New York,2443,5093,6,5,22,80137,S201,Apparel,7676,3.39,1.03,1.38,32242,6179,2251,34,50,58,14,Delayed,0.48,88567,533,Shortage
WH101,Chicago,4929,2198,7,2,7,59285,S406,Apparel,7953,2.08,6.96,3.46,42598,7843,6764,159,21,17,11,Delayed,2.24,73892,718,Excess
WH207,Miami,1463,4048,5,3,17,77723,S637,Furniture,2765,2.9,2.44,2.04,30536,18584,14848,270,8,94,11,Delayed,0.36,111155,253,Shortage
WH369,San Francisco,2314,1514,6,5,9,81364,S549,Groceries,5331,3.59,9.02,1.06,31325,12245,10053,70,11,10,15,Delayed,1.53,103662,365,Excess
WH179,Denver,3850,3733,2,4,21,83283,S426,Furniture,9416,4.39,8.73,3.83,25907,7284,12751,199,3,16,10,Delayed,1.03,103318,906,Balanced
WH220,Dallas,1542,3354,7,1,23,36696,S271,Electronics,7295,4.27,7.83,4.31,48600,2541,713,264,16,48,12,Delayed,0.46,39950,594,Shortage
WH268,Chicago,2383,697,5,5,14,84872,S636,Groceries,4982,2.57,4.24,2.94,39082,19243,10301,202,49,26,13,Delayed,3.42,114416,396,Excess
WH196,Houston,4003,1225,2,3,12,75092,S336,Furniture,7111,1.3,3.86,1.47,14012,4592,3788,137,5,84,6,Delayed,3.27,83472,1128,Excess
WH376,San Francisco,3337,3349,5,5,10,88630,S566,Electronics,2070,0.8,4.48,3.59,28749,10282,3061,207,38,61,11,Delayed,1,101973,191,Balanced
WH199,Miami,3549,3228,10,3,13,74353,S158,Electronics,9527,1.79,9.71,2.14,49867,1083,8062,188,4,56,15,Delayed,1.1,83498,644,Balanced
WH092,Dallas,936,431,5,6,9,73884,S970,Automotive,7584,2.22,2.15,4.87,32410,16534,12558,61,19,68,13,Delayed,2.17,102976,573,Excess
WH404,Atlanta,1785,565,2,4,7,56955,S185,Apparel,8992,1.18,3.3,3.02,21520,9662,12565,159,29,41,7,Delayed,3.16,79182,1251,Excess
WH206,Dallas,4646,3459,10,4,14,88732,S585,Groceries,2984,4.23,2.86,3.81,44144,14983,1982,110,22,64,18,Normal,1.34,105697,163,Excess
WH021,Houston,1888,3795,8,4,17,82892,S560,Electronics,3884,3.06,1.31,4.62,30335,12391,10615,127,34,99,15,Normal,0.5,105898,257,Shortage
WH253,Miami,2962,552,5,3,17,99018,S491,Furniture,1392,2.97,9.38,4.14,10606,3671,13568,255,4,7,11,Delayed,5.37,116257,126,Excess
WH484,Los Angeles,3743,410,5,1,23,81031,S376,Groceries,1897,0.64,0.65,1.79,48044,14036,11150,278,9,22,7,Delayed,9.13,106217,285,Excess
WH392,Houston,2742,4889,9,3,22,67455,S545,Furniture,5933,1.14,3.69,3.15,41692,2294,5421,129,32,11,13,Delayed,0.56,75170,451,Shortage
WH326,Miami,3837,3017,7,6,16,54060,S276,Apparel,3145,0.65,9.63,3.1,49681,7521,4161,287,5,13,14,Delayed,1.27,65742,230,Excess
WH335,Houston,1423,3261,2,3,16,94094,S555,Electronics,8668,3.03,1.66,3.84,49197,7966,7011,103,31,96,8,Delayed,0.44,109071,1079,Shortage
WH415,Chicago,4568,1768,7,6,12,97211,S388,Groceries,3154,2.28,9.73,4.27,47783,11813,546,247,12,46,15,Normal,2.58,109570,206,Excess
WH009,New York,4577,1024,8,4,13,67329,S104,Electronics,8412,4.41,9.62,3.13,42346,16029,6976,229,10,25,16,Normal,4.47,90334,512,Excess
WH397,Denver,4372,643,7,1,19,42195,S204,Automotive,8278,0.72,8.16,4.16,35116,18146,7702,35,40,40,9,Delayed,6.8,68043,949,Excess
WH122,San Francisco,1332,1339,7,7,9,46106,S596,Groceries,3223,1.93,9.52,2.55,15012,19964,11533,190,35,39,16,Normal,0.99,77603,202,Balanced
WH157,Atlanta,2390,409,3,4,10,81644,S452,Apparel,9800,1.61,8.53,4.1,15979,9882,8995,33,45,29,9,Delayed,5.84,100521,1137,Excess
WH269,Los Angeles,1403,4806,7,7,20,86006,S571,Apparel,6079,4.24,5.93,3.84,38733,16907,4024,274,14,31,18,Normal,0.29,106937,333,Shortage
WH366,Dallas,1217,564,2,4,15,64548,S783,Furniture,6930,1.29,4.63,2.03,33642,13415,14962,40,1,85,7,Delayed,2.16,92925,950,Excess
WH459,New York,1295,2782,2,1,23,60363,S286,Electronics,2694,3.27,2.93,1.8,24041,5744,2583,8,19,55,6,Delayed,0.47,68690,429,Shortage
WH302,Los Angeles,2867,2066,9,2,12,88536,S872,Furniture,1220,1.34,6.52,3.75,29903,7233,4194,0,15,69,12,Delayed,1.39,99963,98,Excess
WH112,Chicago,3120,4695,8,5,21,56043,S669,Furniture,8079,2.7,3.64,3.5,38594,2330,1930,91,47,26,16,Normal,0.66,60303,514,Shortage
WH428,Atlanta,3337,4873,4,3,23,33193,S810,Automotive,1712,4.41,8.46,4.9,17790,17299,2291,64,4,14,11,Delayed,0.68,52783,150,Shortage
WH361,Dallas,4062,1475,8,3,9,39957,S498,Groceries,4224,3.18,6.23,2.77,14738,9524,13636,66,42,54,14,Delayed,2.75,63117,297,Excess
WH140,Los Angeles,1449,1639,8,4,20,60432,S278,Groceries,7003,0.99,8.94,3.16,41388,13400,1148,115,27,25,13,Delayed,0.88,74980,539,Shortage
WH005,San Francisco,2474,1871,9,4,23,44010,S498,Furniture,4844,1.72,3.04,3.83,33661,4235,3155,180,15,76,15,Delayed,1.32,51400,329,Excess
WH487,Miami,3885,2529,9,6,19,58271,S695,Apparel,3921,1.09,9.13,4.18,30250,12697,6016,204,37,44,16,Normal,1.54,76984,243,Excess
WH136,Houston,2227,3193,8,7,22,71473,S899,Electronics,5510,1.43,2.19,1.46,19817,8826,11062,194,29,7,16,Normal,0.7,91361,335,Shortage
WH286,Miami,1443,568,5,7,21,51904,S778,Electronics,5045,4.9,8.76,3.64,29712,14945,8595,76,18,18,17,Normal,2.54,75444,298,Excess
WH456,Miami,4451,4005,9,3,10,71826,S686,Groceries,9427,0.52,1.84,3.68,19710,9717,12407,88,9,35,13,Delayed,1.11,93950,753,Excess
WH192,Los Angeles,2980,5034,5,1,5,72538,S293,Furniture,7397,4.92,6.86,3.96,11351,16209,912,173,1,5,11,Delayed,0.59,89659,677,Shortage
WH162,Denver,567,3280,7,3,18,36588,S134,Electronics,2840,0.93,9,3.24,49954,15435,5859,3,8,91,11,Delayed,0.17,57882,259,Shortage
WH341,New York,4529,3336,6,5,16,79668,S260,Groceries,1919,4.47,1.06,2.96,40101,5397,12018,49,25,62,15,Normal,1.36,97083,124,Excess
WH490,Los Angeles,2983,4731,7,4,17,38811,S384,Automotive,2513,4.34,6.68,3.8,35268,3996,6269,189,35,42,15,Normal,0.63,49076,163,Shortage
WH485,San Francisco,2389,2700,5,3,11,40118,S679,Furniture,8949,1.07,6.52,1.28,42688,12734,4978,41,25,96,9,Delayed,0.88,57830,986,Shortage
WH307,Denver,4814,3915,4,7,22,88519,S930,Automotive,4537,4.74,7.02,3.12,49802,1114,7525,1,4,36,16,Normal,1.23,97158,288,Excess
WH174,Miami,1935,3684,2,2,7,37318,S161,Groceries,6819,4.03,4.2,3.13,19330,3636,5063,97,33,42,8,Delayed,0.53,46017,848,Shortage
WH099,Los Angeles,1478,3535,7,1,6,75822,S573,Electronics,8811,2.58,3.34,2.68,33202,8946,11951,16,49,6,11,Delayed,0.42,96719,832,Shortage
WH298,New York,4418,3948,10,7,6,74065,S355,Automotive,6836,4.43,8.34,3.95,43351,11037,7760,112,7,83,21,Normal,1.12,92862,319,Excess
WH265,Los Angeles,703,3797,8,5,19,43957,S712,Automotive,2756,4.56,9.76,4.99,12946,14139,7731,161,38,12,18,Normal,0.19,65827,156,Shortage
WH016,Atlanta,1279,3723,3,2,10,50740,S464,Electronics,8315,0.55,7.17,2,15987,5509,5968,266,8,82,6,Delayed,0.34,62217,1497,Shortage
WH154,Denver,668,3671,2,3,13,93117,S588,Apparel,7308,4.11,2.07,3.14,21884,16105,13500,135,7,24,9,Delayed,0.18,122722,802,Shortage
WH306,Miami,3066,3460,6,5,22,78996,S598,Electronics,3230,0.97,3.31,3.09,49848,8552,12597,117,37,98,12,Delayed,0.89,100145,269,Shortage
WH062,Chicago,1701,2243,10,5,25,31210,S450,Furniture,1481,4.77,1.38,4.82,29687,12883,9577,30,21,42,20,Normal,0.76,53670,74,Shortage
WH016,Atlanta,4789,834,10,4,22,80268,S699,Furniture,2642,2.45,5.47,2.32,34766,17788,10987,129,20,27,16,Normal,5.74,109043,160,Excess
WH155,Houston,1524,2820,4,3,23,63126,S335,Automotive,9598,1.97,4.38,4.74,30211,3215,7518,135,12,37,9,Delayed,0.54,73859,1070,Shortage
WH092,New York,3321,3652,2,3,13,35784,S732,Groceries,5103,4.48,2.18,1.14,40555,2353,10115,246,41,66,9,Delayed,0.91,48252,538,Balanced
WH071,San Francisco,4475,1326,9,5,22,30531,S476,Groceries,7782,2.04,7.2,4.64,12303,9088,6130,241,32,61,16,Normal,3.37,45749,485,Excess
WH495,Seattle,3126,520,5,5,20,59269,S917,Electronics,1557,1.66,3.09,4.66,21943,2075,1571,48,30,12,12,Delayed,6.01,62915,133,Excess
WH455,Chicago,1129,2613,9,5,19,46628,S596,Groceries,5385,2.91,6.02,4.35,27025,2517,11960,192,40,41,17,Normal,0.43,61105,318,Shortage
WH143,Seattle,3330,3718,6,1,8,30780,S217,Apparel,4788,4.65,8.71,2.43,24801,15966,14405,135,29,33,12,Delayed,0.9,61151,410,Shortage
WH352,Los Angeles,1002,5141,10,7,10,70630,S761,Apparel,2300,3.42,4.65,1.77,22089,5249,3224,270,23,8,20,Normal,0.19,79103,112,Shortage
WH407,New York,2469,4680,2,4,10,69104,S878,Apparel,1013,1.09,3.24,4.48,14179,4889,4214,4,29,6,7,Delayed,0.53,78207,142,Shortage
WH375,New York,2332,2569,7,3,15,81666,S341,Apparel,8226,2.32,2.02,4.12,45665,7809,1742,4,39,32,12,Delayed,0.91,91217,667,Balanced
WH467,Denver,537,3634,2,2,10,39505,S122,Electronics,4624,3.62,5.86,3.48,33050,6424,6198,97,42,19,8,Delayed,0.15,52127,606,Shortage
WH473,Miami,3522,717,10,2,5,35991,S384,Electronics,8818,3.97,3.83,1.48,47108,2831,5140,173,9,73,16,Normal,4.91,43962,552,Excess
WH215,Seattle,3895,4812,3,2,14,63807,S552,Apparel,4196,0.62,4.37,3.78,18812,5326,5936,205,34,53,6,Delayed,0.81,75069,746,Shortage
WH022,Dallas,785,3253,5,7,10,48656,S464,Electronics,6067,3.04,2.06,1.06,12450,2415,6527,135,16,76,15,Normal,0.24,57598,403,Shortage
WH134,Seattle,582,979,4,7,13,78161,S828,Furniture,1756,3.22,3.64,1.95,33854,15544,11418,300,47,16,14,Delayed,0.59,105123,123,Shortage
WH438,Chicago,608,5117,6,5,21,37319,S185,Furniture,7939,4.37,8.97,1.94,26143,12294,9850,64,4,36,15,Normal,0.12,59463,516,Shortage
WH061,San Francisco,4667,1194,6,6,23,33599,S809,Apparel,4822,1.89,2.98,2.72,30124,12415,13679,41,11,77,14,Delayed,3.91,59693,347,Excess
WH218,Dallas,1856,4009,7,6,15,72564,S626,Electronics,6460,4.12,9.14,2.25,23518,3828,8048,206,7,70,17,Normal,0.46,84440,377,Shortage
WH090,Dallas,4959,1521,2,5,13,46931,S279,Apparel,7214,4.84,2.6,4.78,38363,1270,2087,189,41,41,12,Delayed,3.26,50288,609,Excess
WH072,San Francisco,848,4086,2,1,10,87409,S654,Furniture,5154,3.09,8.46,4.8,45161,1335,5088,161,7,66,6,Delayed,0.21,93832,846,Shortage
WH093,Miami,1650,717,4,5,25,85842,S411,Automotive,1304,1.19,4.34,4.7,45743,13382,7065,184,27,57,10,Delayed,2.3,106289,127,Excess
WH086,Chicago,895,3524,7,2,24,51690,S605,Groceries,2495,1.46,4.38,4.7,21951,6527,5896,64,43,17,10,Delayed,0.25,64113,238,Shortage
WH057,Los Angeles,4390,486,8,2,6,72677,S862,Apparel,2700,3.74,9.76,1.22,42370,3080,14988,80,0,56,14,Delayed,9.03,90745,196,Excess
WH087,Houston,1254,5127,2,4,5,96514,S240,Apparel,5073,4.69,6.3,3.24,12956,16289,544,218,34,86,11,Delayed,0.24,113347,474,Shortage
WH486,Seattle,1097,4224,8,3,15,43503,S577,Electronics,2499,1.51,4.24,4.11,38300,10261,11559,296,7,25,13,Delayed,0.26,65323,199,Shortage
WH330,Houston,4556,3161,3,3,5,51674,S612,Automotive,5683,0.58,9.35,2.02,48929,3405,14853,112,6,12,7,Delayed,1.44,69932,863,Excess
WH343,New York,1620,3290,10,7,25,69993,S981,Apparel,2072,1.31,0.65,2.11,39214,8105,10630,29,23,10,18,Normal,0.49,88728,113,Shortage
WH480,Atlanta,2264,2633,3,3,15,97185,S534,Apparel,8627,2.48,5.77,2.66,16832,16744,7311,190,38,90,8,Delayed,0.86,121240,1017,Shortage
WH466,Atlanta,4416,2857,8,7,6,45999,S310,Groceries,5491,3.55,3.67,2.87,21769,16669,2443,87,10,11,19,Normal,1.55,65111,296,Excess
WH349,Miami,1894,1961,5,2,6,96163,S533,Automotive,8297,3.97,8.44,2.59,45430,18999,14529,76,30,35,11,Delayed,0.97,129691,756,Balanced
WH168,Atlanta,1294,2072,3,5,25,85680,S717,Furniture,9674,2.01,5.77,3.04,22010,14540,12286,105,13,5,10,Delayed,0.62,112506,966,Shortage
WH449,Seattle,2484,2155,3,7,11,92559,S837,Apparel,2049,4.44,7.63,4.57,24642,3168,11699,300,1,98,14,Delayed,1.15,107426,141,Excess
WH211,Dallas,589,5164,6,3,24,64458,S981,Automotive,7324,2,2.41,3.68,48033,6373,6467,277,2,88,11,Delayed,0.11,77298,666,Shortage
WH049,San Francisco,2807,4166,3,6,16,56895,S141,Apparel,6136,1.79,1.45,1.39,46738,10655,6239,68,8,67,11,Delayed,0.67,73789,568,Shortage
WH102,Los Angeles,2194,2077,10,1,17,55474,S337,Apparel,5565,2.27,3.17,1.41,22467,13135,14564,62,25,17,13,Delayed,1.06,83173,419,Balanced
WH091,Atlanta,2669,5200,10,3,5,82513,S860,Electronics,6850,2.01,4.77,3.54,23036,13529,12864,146,33,77,15,Normal,0.51,108906,456,Shortage
WH239,San Francisco,1404,3278,4,3,16,72802,S679,Apparel,3125,4.22,1.26,2.2,35073,5339,9222,241,25,69,11,Delayed,0.43,87363,278,Shortage
WH060,Chicago,3911,1299,7,5,17,37255,S713,Automotive,9317,3.36,3.77,4.61,18379,5090,5452,224,37,82,15,Normal,3.01,47797,606,Excess
WH491,Houston,566,4274,3,7,22,41020,S248,Groceries,9864,2.28,3.07,4.58,28078,14358,9193,198,11,58,12,Delayed,0.13,64571,803,Shortage
WH199,Atlanta,2677,3594,9,5,9,93093,S319,Electronics,7549,0.87,8.9,2.81,47231,8493,3125,201,9,16,15,Delayed,0.74,104711,507,Shortage
WH092,Miami,1330,1433,9,7,15,57086,S138,Furniture,2447,4.36,0.93,2.67,41005,7917,13814,255,13,95,20,Normal,0.93,78817,120,Balanced
WH401,Seattle,3759,1018,3,3,17,60495,S810,Apparel,6247,4.66,9.68,1.75,41287,4925,11217,124,40,98,11,Delayed,3.69,76637,586,Excess
WH440,San Francisco,3296,3925,2,5,14,31611,S429,Groceries,4216,4.15,1.61,3.82,34858,2509,2403,159,45,40,11,Delayed,0.84,36523,378,Shortage
WH269,Miami,1573,2459,5,6,6,44851,S863,Apparel,5249,0.56,9.4,4.99,35387,17511,14135,249,22,69,12,Delayed,0.64,76497,454,Shortage
WH280,San Francisco,3364,3219,10,3,9,72445,S396,Furniture,7808,1.67,0.73,4.62,11340,16014,5555,150,17,70,15,Delayed,1.05,94014,532,Balanced
WH224,New York,2460,509,4,1,18,51625,S634,Automotive,5160,3.23,3.45,1.77,25172,19245,13942,247,25,15,8,Delayed,4.83,84812,627,Excess
WH195,New York,833,3175,4,3,6,95174,S346,Apparel,5369,1.61,6.91,2.75,46936,11659,13600,20,29,35,9,Delayed,0.26,120433,623,Shortage
WH242,Atlanta,3010,1765,2,1,18,34994,S136,Furniture,7756,1.43,1.83,1.91,47303,14519,9948,245,45,47,4,Delayed,1.71,59461,1749,Excess
WH375,Denver,4991,3810,7,3,15,89876,S372,Automotive,7625,1.33,5.4,2.28,11753,1898,8285,120,49,52,11,Delayed,1.31,100059,672,Excess
WH099,Miami,4998,1200,9,7,16,64791,S411,Furniture,6075,0.76,5.71,3.86,35815,2792,11106,256,47,78,17,Normal,4.16,78689,362,Excess
WH216,New York,2492,2973,9,5,23,47857,S201,Apparel,2441,2.63,8.66,1.22,49704,8597,676,283,36,65,17,Normal,0.84,57130,146,Shortage
WH187,Atlanta,1298,4148,10,5,10,70464,S684,Apparel,2619,3.15,4.97,4.65,20213,10252,6489,24,8,27,18,Normal,0.31,87205,144,Shortage
WH434,New York,3535,4561,8,7,19,66003,S677,Electronics,9752,4.76,6.97,2.9,27446,4070,2268,6,33,27,20,Normal,0.78,72341,493,Shortage
WH388,Dallas,2595,4478,8,2,23,36726,S813,Electronics,7212,2.73,3.88,1.23,13371,5624,6640,166,27,60,13,Delayed,0.58,48990,566,Shortage
WH044,Miami,1697,3299,4,5,17,87372,S501,Groceries,8936,2.58,4.13,1.64,44716,6489,14212,47,31,30,12,Delayed,0.51,108073,771,Shortage
WH471,Chicago,1312,3307,6,5,24,96271,S136,Groceries,1605,0.69,7.59,3.42,43037,11793,3716,73,18,93,12,Delayed,0.4,111780,137,Shortage
WH162,Seattle,1443,1157,4,4,18,76947,S109,Automotive,3327,0.99,6.9,1.26,23449,18784,11728,259,20,38,9,Delayed,1.25,107459,370,Excess
WH197,Seattle,3327,3799,9,4,13,34130,S309,Furniture,1450,3.44,3.58,3.35,28103,10754,1809,36,5,30,16,Normal,0.88,46693,88,Shortage
WH007,Miami,3165,4971,9,4,16,98563,S312,Electronics,7138,3.31,1.51,4.48,17714,15161,13676,38,37,46,16,Normal,0.64,127400,437,Shortage
WH124,New York,1340,2971,6,7,25,79393,S819,Automotive,5874,1.06,7.42,3.96,33504,9168,1607,140,20,12,14,Delayed,0.45,90168,417,Shortage
WH343,Denver,857,4872,7,3,21,66122,S771,Apparel,1948,0.91,6.18,1.14,33036,2440,8450,82,27,44,11,Delayed,0.18,77012,178,Shortage
WH466,San Francisco,2791,3728,10,5,6,53951,S211,Groceries,4632,2.98,0.89,1.62,49896,7065,557,2,26,43,18,Normal,0.75,61573,257,Shortage
WH127,Miami,2334,5100,7,4,6,77838,S347,Electronics,9465,4.29,4.3,1.44,30756,13127,1215,125,44,100,15,Normal,0.46,92180,618,Shortage
WH156,Los Angeles,2798,1481,6,4,23,30568,S920,Apparel,8115,4.89,6.81,2.34,22257,1110,5314,292,10,81,15,Delayed,1.89,36992,544,Excess
WH079,Chicago,4813,2247,6,7,14,58707,S491,Apparel,7205,4.2,4.57,3.77,30328,11105,3728,206,48,40,17,Normal,2.14,73540,418,Excess
WH022,Houston,2651,4180,6,1,5,40114,S571,Groceries,9713,1.74,2.58,2.19,26441,16376,3721,216,37,83,9,Delayed,0.63,60211,1110,Shortage
WH270,Dallas,532,4281,8,4,11,87888,S184,Furniture,6644,3.48,1.51,1.5,48750,18999,9465,279,8,53,15,Normal,0.12,116352,429,Shortage
WH263,Los Angeles,2607,4256,3,2,13,94791,S892,Apparel,6189,4.39,2.49,3.35,10928,15210,10826,137,1,37,9,Delayed,0.61,120827,659,Shortage
WH466,Los Angeles,3954,4082,7,2,13,86732,S219,Automotive,2398,3.43,5.44,2.32,10369,5264,2813,283,22,86,12,Delayed,0.97,94809,192,Balanced
WH254,Dallas,3708,2235,7,5,17,36749,S521,Furniture,6759,4.25,6.03,4.25,36428,7985,9161,98,35,23,16,Normal,1.66,53895,416,Excess
WH141,Denver,980,2070,7,4,18,96843,S119,Automotive,8159,4.04,5.64,2.04,15824,10856,12927,70,41,52,15,Normal,0.47,120626,542,Shortage
WH295,Denver,1834,1077,7,7,16,37429,S396,Groceries,4210,3.15,1.76,3.9,12488,10894,10745,164,12,6,17,Normal,1.7,59068,245,Excess
WH050,Seattle,4324,1831,3,4,17,43981,S921,Groceries,1393,1.13,7.11,1.74,46359,14236,13470,70,5,89,8,Delayed,2.36,71687,171,Excess
WH228,New York,2548,4355,6,5,18,95645,S558,Groceries,4284,4.77,6.61,1.96,44370,8185,5267,248,18,88,16,Normal,0.59,109097,271,Shortage
WH125,Denver,3380,5055,6,4,24,66402,S735,Groceries,5544,2.23,8.51,1.29,23744,13811,9053,146,4,85,12,Delayed,0.67,89266,453,Shortage
WH006,Atlanta,1314,4858,5,2,18,42837,S955,Groceries,3448,2.17,5.84,2.87,15353,16110,7856,70,42,31,9,Delayed,0.27,66803,375,Shortage
WH043,Miami,570,4885,4,5,7,57506,S167,Groceries,4262,3.22,4.22,2.93,16459,19635,13095,61,1,62,12,Delayed,0.12,90236,348,Shortage
WH250,San Francisco,528,1982,2,1,9,80086,S230,Groceries,1513,3.64,2.15,2.59,30525,18993,7758,49,34,36,7,Delayed,0.27,106837,228,Shortage
WH306,Houston,4942,4080,5,3,25,44339,S210,Groceries,9609,3.93,0.51,1.25,46227,9557,8166,102,37,20,12,Delayed,1.21,62062,805,Excess
WH018,Miami,2482,516,2,2,17,79112,S491,Apparel,2238,2.3,1.76,4.09,24140,15962,4290,292,23,70,6,Delayed,4.81,99364,355,Excess
WH055,Dallas,3790,2904,8,4,13,80868,S929,Groceries,3819,0.79,6.45,4.7,18187,16069,12253,248,49,31,13,Delayed,1.31,109190,298,Excess
WH454,Los Angeles,2838,3097,4,5,24,52345,S856,Groceries,1932,3.24,3.16,1.22,41612,2593,12276,9,33,22,12,Delayed,0.92,67214,157,Balanced
WH178,Atlanta,1055,3915,9,1,16,93626,S917,Automotive,6077,1.38,3.19,2.61,13099,12517,8893,283,37,99,11,Delayed,0.27,115036,534,Shortage
WH486,Seattle,2163,4952,7,6,10,63033,S768,Automotive,3870,0.9,7.79,4,26467,18771,5622,160,49,59,14,Delayed,0.44,87426,278,Shortage
WH107,San Francisco,3237,4641,5,1,18,89202,S218,Automotive,8491,2.37,7.64,3.94,24438,17255,12267,136,8,7,8,Delayed,0.7,118724,1014,Shortage
WH242,Miami,1440,1135,2,2,22,64823,S471,Apparel,2917,3.75,9.61,3.37,40012,18694,5063,49,8,67,8,Delayed,1.27,88580,376,Excess
WH353,San Francisco,3119,4223,2,7,7,34027,S763,Electronics,5461,1.95,8.49,2.49,46381,6415,861,71,38,8,11,Delayed,0.74,41303,498,Shortage
WH477,Miami,938,4245,5,4,23,52190,S601,Automotive,7383,4.57,4.31,2.66,13574,11663,7327,209,14,63,14,Delayed,0.22,71180,544,Shortage
WH189,San Francisco,783,1310,6,3,5,97457,S733,Electronics,2030,2.34,1.01,2.15,33885,1985,6261,257,23,71,11,Delayed,0.6,105703,178,Shortage
WH097,Houston,4588,4176,2,3,15,73887,S744,Electronics,9762,2.28,6.34,3.19,15219,5923,7977,238,26,26,7,Delayed,1.1,87787,1340,Balanced
WH174,Los Angeles,2771,4542,10,1,8,89581,S508,Electronics,8717,1.28,6.99,4.15,45941,17813,9555,190,34,91,12,Delayed,0.61,116949,710,Shortage
WH153,Atlanta,3630,956,9,7,7,45897,S517,Apparel,3023,2.74,5.33,2.58,16306,10185,14293,96,41,25,19,Normal,3.8,70375,161,Excess
WH334,Los Angeles,4069,1971,5,4,11,41108,S456,Groceries,2308,4.04,2.19,1.08,37238,12903,7918,121,24,14,13,Delayed,2.06,61929,177,Excess
WH082,San Francisco,4892,1083,7,5,19,97049,S183,Electronics,5580,3.67,0.9,1.18,15458,14880,14212,9,49,6,16,Normal,4.52,126141,356,Excess
WH125,Seattle,1085,3932,2,1,10,31964,S539,Electronics,5896,4.53,0.98,4.85,34914,15079,12423,271,13,41,8,Delayed,0.28,59466,782,Shortage
WH347,Seattle,1133,3203,2,1,17,85331,S395,Apparel,2526,3.4,5.04,4.47,37204,7396,11618,129,33,51,6,Delayed,0.35,104345,394,Shortage
WH425,Dallas,1070,4667,5,5,15,94026,S466,Furniture,9375,3.5,9.11,4.25,29777,8675,5657,28,1,70,13,Delayed,0.23,108358,694,Shortage
WH153,Seattle,2783,3089,6,4,20,31379,S147,Automotive,5599,3.85,5.18,4.14,34966,9430,7684,210,32,91,14,Delayed,0.9,48493,404,Balanced
WH458,Dallas,2956,591,7,4,11,68101,S816,Apparel,8829,3.31,5.85,3.9,34314,19128,9077,197,37,73,14,Delayed,5,96306,617,Excess
WH362,San Francisco,1105,1494,4,7,16,86457,S396,Automotive,8357,1.32,1.46,1.41,44544,4098,7715,131,3,22,12,Delayed,0.74,98270,678,Shortage
WH185,Atlanta,4025,1348,3,2,6,32278,S134,Automotive,2457,0.72,6.89,1.23,22903,1778,4901,249,5,46,6,Delayed,2.99,38957,429,Excess
WH254,Atlanta,4276,3468,10,1,16,44679,S410,Furniture,6997,3.56,1.19,1.79,25956,1174,14281,122,6,54,15,Delayed,1.23,60134,480,Excess
WH472,New York,4067,2378,5,7,8,55131,S214,Automotive,8284,2.69,7.81,1.68,40549,17999,12708,226,12,46,15,Delayed,1.71,85838,563,Excess
WH315,Los Angeles,2253,2408,7,4,5,78804,S722,Furniture,9539,3.94,1.61,4.15,17822,14959,4780,61,42,74,15,Delayed,0.94,98543,638,Balanced
WH233,Denver,3633,3446,10,4,5,80642,S398,Furniture,8647,4.68,9.48,1.87,40696,5691,2231,278,3,33,19,Normal,1.05,88564,462,Balanced
WH039,New York,4625,2143,4,1,19,77994,S711,Groceries,6810,3.74,9.39,4.34,37574,5501,11572,20,2,18,9,Delayed,2.16,95067,779,Excess
WH378,Denver,3385,3251,5,4,5,46917,S586,Automotive,6447,1.38,9.53,2.68,14836,12091,8644,175,0,28,10,Delayed,1.04,67652,621,Balanced
WH082,Dallas,3756,1623,8,2,25,83069,S801,Apparel,4363,4.84,6.29,2.35,48455,5138,12163,276,43,18,15,Delayed,2.31,100370,293,Excess
WH010,Atlanta,853,4822,2,6,25,30777,S616,Furniture,7854,2.9,4.61,1.25,13624,8451,6198,241,40,88,11,Delayed,0.18,45426,720,Shortage
WH232,Los Angeles,1999,4340,10,4,25,59472,S365,Furniture,4602,4.09,4.46,4.56,20435,6118,12838,265,36,33,18,Normal,0.46,78428,254,Shortage
WH205,San Francisco,4855,4555,7,6,13,44452,S450,Apparel,7850,3.16,1.41,4.64,29113,5476,3787,35,10,68,16,Normal,1.07,53715,485,Balanced
WH236,Atlanta,4793,4845,4,5,6,76581,S511,Apparel,7472,2.49,1.69,3.66,40975,8669,5610,79,35,92,11,Delayed,0.99,90860,650,Balanced
WH331,San Francisco,2710,2793,7,2,22,40686,S857,Electronics,5156,4.15,5.69,3.16,33721,5159,9866,227,30,86,13,Delayed,0.97,55711,392,Balanced
WH221,Dallas,4693,2590,6,2,9,68367,S923,Apparel,2077,3.69,1.12,3.2,16068,12663,13144,106,12,19,12,Delayed,1.81,94174,177,Excess
WH420,Denver,3177,3658,9,6,11,51099,S334,Automotive,4728,2.23,3.23,4.71,38501,15641,12475,131,4,28,17,Normal,0.87,79215,274,Shortage
WH178,Atlanta,2897,5133,10,5,12,55488,S840,Automotive,9032,3,5.73,3.97,41563,15830,13589,144,49,24,18,Normal,0.56,84907,501,Shortage
WH009,Atlanta,3113,639,3,5,21,73388,S520,Groceries,5139,0.68,2.35,1.21,42738,1938,10983,29,0,19,9,Delayed,4.87,86309,591,Excess
WH266,Miami,4262,4453,4,7,20,47772,S644,Automotive,4193,2.02,9.41,2.41,21690,16433,1907,16,15,9,13,Delayed,0.96,66112,322,Balanced
WH054,Denver,562,2584,7,7,22,70573,S342,Groceries,8087,0.89,3.92,3.61,10919,17110,3204,216,2,86,15,Delayed,0.22,90887,542,Shortage
WH297,Chicago,1377,3852,10,2,13,32573,S940,Furniture,4851,2.57,4.98,4.03,22061,7161,13990,275,9,75,15,Delayed,0.36,53724,332,Shortage
WH068,Chicago,3237,4628,2,2,15,82698,S325,Automotive,8869,2.3,3.54,2.56,22298,2024,5966,95,39,44,6,Delayed,0.7,90688,1407,Shortage
WH496,Miami,4862,4621,10,6,5,87939,S804,Apparel,2900,1.12,9.41,1.86,45518,13888,8672,264,41,62,17,Normal,1.05,110499,169,Balanced
WH478,Houston,789,1746,9,6,23,79365,S453,Automotive,3171,2.74,9.32,3.78,43927,5602,12965,254,9,65,18,Normal,0.45,97932,178,Shortage
WH129,Seattle,3104,4771,2,2,25,80079,S187,Electronics,3050,3.3,9.62,4.14,25046,18888,9374,172,19,58,7,Delayed,0.65,108341,417,Shortage
WH093,Atlanta,1435,5167,10,3,18,53504,S868,Furniture,6151,3.5,1.65,2.72,16295,3196,14151,114,44,13,16,Normal,0.28,70851,372,Shortage
WH414,Chicago,4473,2730,10,7,21,32188,S557,Groceries,3435,4.71,1.38,2.14,17183,2226,9199,87,14,17,22,Normal,1.64,43613,158,Excess
WH100,Los Angeles,1859,4489,5,4,23,34451,S211,Groceries,9634,0.51,3.21,1.1,29322,18781,7428,269,47,59,10,Delayed,0.41,60660,1013,Shortage
WH013,Miami,4214,2516,5,7,8,46897,S998,Furniture,2027,4.12,7.62,4.69,44903,18844,8447,26,12,35,16,Normal,1.67,74188,125,Excess
WH422,Los Angeles,3561,402,10,3,9,53249,S890,Automotive,2809,3.89,8.87,3.22,37169,12529,8799,125,2,50,17,Normal,8.86,74577,166,Excess
WH287,Dallas,3298,408,7,3,9,32024,S971,Groceries,6968,2.76,7.88,3.28,10604,5177,10228,149,30,19,13,Delayed,8.08,47429,546,Excess
WH054,Atlanta,2677,4517,7,5,15,88414,S924,Electronics,8398,2.5,5.43,2.02,13407,19481,4614,228,3,93,15,Delayed,0.59,112509,579,Shortage
WH258,Houston,1665,1457,2,5,13,56498,S669,Automotive,1525,1.18,4.36,3.07,30826,10751,14777,58,31,74,8,Delayed,1.14,82026,186,Excess
WH136,New York,4421,3181,10,5,11,47922,S851,Electronics,1038,3.85,7.85,4.18,27494,19822,10759,236,35,86,19,Normal,1.39,78503,55,Excess
WH312,Dallas,4808,1153,10,6,19,34386,S471,Groceries,9223,0.83,0.79,3.71,46284,16981,11539,238,19,39,17,Normal,4.17,62906,548,Excess
WH483,Miami,583,3301,2,6,21,45378,S498,Automotive,4534,0.83,2.21,1.44,33922,7619,14413,298,13,23,9,Delayed,0.18,67410,513,Shortage
WH307,Chicago,2535,670,10,5,7,86852,S105,Electronics,9709,2.39,1.47,2.79,38167,2813,9918,64,15,44,17,Normal,3.78,99583,558,Excess
WH096,Denver,876,4572,8,4,21,51273,S529,Automotive,1549,4.74,4.38,3.68,42787,16048,12204,164,31,44,17,Normal,0.19,79525,92,Shortage
WH037,Houston,1389,1881,3,2,17,48242,S860,Apparel,2669,2.74,1.13,4.51,16071,5523,4816,2,45,18,8,Delayed,0.74,58581,344,Shortage
WH319,Dallas,3321,3357,9,1,16,64265,S709,Furniture,4167,3.67,2.63,3.4,44887,2797,9671,245,12,71,14,Delayed,0.99,76733,304,Balanced
WH039,Miami,874,3644,7,3,8,87744,S724,Furniture,7033,2.7,7.27,1.3,11714,8626,3739,80,48,38,13,Delayed,0.24,100109,553,Shortage
WH379,Seattle,1431,4199,5,4,8,73889,S537,Furniture,2413,2.96,1.95,3.85,33343,7383,6215,96,36,60,12,Delayed,0.34,87487,201,Shortage
WH165,Dallas,4585,1133,7,2,16,59096,S255,Apparel,7346,3.06,8.12,2.71,10927,7768,3878,15,24,59,12,Delayed,4.05,70742,609,Excess
WH228,Dallas,3000,2800,7,6,17,68570,S549,Groceries,3022,2.07,1.73,2.08,17122,4512,14576,241,39,93,15,Normal,1.07,87658,200,Balanced
WH095,Denver,4376,3250,9,4,12,92958,S428,Furniture,2486,3.75,2.17,1.91,15561,18118,2657,44,50,96,17,Normal,1.35,113733,148,Excess
WH458,Seattle,1930,1690,2,5,14,59326,S305,Apparel,4275,0.84,1.02,2.29,11992,10108,558,3,22,62,8,Delayed,1.14,69992,545,Excess
WH111,New York,1306,2568,4,1,6,99648,S417,Apparel,7126,1.72,5.42,4.2,10857,14934,5552,292,24,12,7,Delayed,0.51,120134,1060,Shortage
WH063,Denver,519,4714,10,7,13,48320,S782,Furniture,1845,2.56,9.64,4.35,46938,13318,3878,127,50,23,20,Normal,0.11,65516,94,Shortage
WH195,Miami,1618,499,8,3,5,76517,S746,Apparel,6348,3.33,6.98,3.87,31711,4840,7402,65,50,33,14,Delayed,3.24,88759,443,Excess
WH033,New York,2148,3006,8,6,18,78909,S779,Apparel,9780,2.5,9.27,1.61,40292,17468,13194,267,22,88,16,Normal,0.71,109571,592,Shortage
WH290,San Francisco,1252,4500,3,4,17,70261,S111,Groceries,1988,3.15,6.03,3.31,38812,18418,12601,274,17,34,10,Delayed,0.28,101280,195,Shortage
WH033,Denver,1877,1816,2,4,7,67582,S996,Electronics,9526,4.25,8.73,4.11,23562,4158,862,169,39,47,10,Delayed,1.03,72602,929,Balanced
WH492,Dallas,4910,2192,10,6,18,80267,S508,Groceries,1004,4.83,7.4,4.7,23954,13725,8905,66,5,48,21,Normal,2.24,102897,48,Excess
WH196,San Francisco,4812,751,10,6,21,33970,S813,Electronics,2245,3,5.92,3.02,10905,18866,7405,108,10,75,19,Normal,6.41,60241,118,Excess
WH054,New York,3234,4239,8,7,17,53723,S156,Electronics,8678,3.37,6.24,4.16,18257,18102,8880,74,41,61,18,Normal,0.76,80705,472,Shortage
WH462,Atlanta,3142,2856,9,4,15,97968,S728,Automotive,3289,2.68,2.43,1.83,18089,19529,7146,223,15,86,16,Normal,1.1,124643,209,Excess
WH221,Chicago,4943,3956,4,3,15,93573,S697,Electronics,5874,0.77,1.73,4.33,11235,7855,14611,76,44,28,8,Delayed,1.25,116039,755,Excess
WH251,Denver,3252,4110,9,1,23,31002,S244,Apparel,7620,4.23,4.9,4.39,26329,2308,9978,268,34,84,14,Delayed,0.79,43288,535,Shortage
WH118,Seattle,2936,1810,7,1,15,85788,S871,Electronics,2984,0.97,5.26,2.08,12727,1632,12062,260,41,56,9,Delayed,1.62,99482,332,Excess
WH358,Houston,1336,2299,3,7,16,58287,S207,Automotive,6728,0.86,4.67,3.33,41200,3103,9223,270,5,65,11,Delayed,0.58,70613,619,Shortage
WH225,San Francisco,2338,2984,5,6,16,99158,S273,Furniture,9782,3.9,7.3,1.76,49023,13849,14520,249,8,64,15,Delayed,0.78,127527,656,Shortage
WH353,Atlanta,1817,5158,7,3,18,80216,S968,Groceries,5974,3.47,6.36,4.44,39379,8720,13741,158,11,96,13,Delayed,0.35,102677,443,Shortage
WH420,San Francisco,3889,4046,2,2,20,66747,S595,Apparel,4067,4.72,7.87,4.41,39899,19918,1522,149,7,21,9,Delayed,0.96,88187,466,Balanced
WH239,Miami,2435,3823,10,1,15,55720,S284,Groceries,3797,3.47,3.16,3.79,46320,6255,7436,25,24,29,14,Delayed,0.64,69411,262,Shortage
WH491,Miami,4508,2131,5,2,11,72094,S232,Automotive,5076,1.8,2.57,4.61,10464,13887,5737,110,6,75,9,Delayed,2.12,91718,576,Excess
WH465,Houston,4939,2881,10,6,14,82802,S505,Groceries,9078,0.53,1.29,4.19,29356,10599,951,137,27,23,17,Normal,1.71,94352,549,Excess
WH439,Dallas,3555,4504,5,6,16,49831,S925,Electronics,4434,3.25,6.81,3.57,40412,4257,7568,141,45,91,14,Delayed,0.79,61656,311,Shortage
WH422,Miami,1219,4620,8,4,12,87187,S138,Automotive,3844,2.95,7.15,1.49,13414,2093,8128,274,49,23,15,Delayed,0.26,97408,257,Shortage
WH162,Chicago,2737,1503,5,3,17,72351,S256,Electronics,6939,4.45,4.06,2.51,42643,7212,8668,0,46,78,12,Delayed,1.82,88231,557,Excess
WH381,Los Angeles,3835,969,9,2,5,62446,S325,Furniture,3646,4.94,5.12,1,22411,6006,6845,77,18,15,16,Normal,3.96,75297,228,Excess
WH433,San Francisco,1011,4060,5,5,21,76238,S963,Apparel,3308,3.42,7.17,2.41,34918,2038,14626,258,46,48,13,Delayed,0.25,92902,246,Shortage
WH417,Denver,3017,3410,7,7,16,95929,S365,Automotive,5507,3.81,9.44,1.23,41470,15077,13522,242,44,58,18,Normal,0.88,124528,309,Shortage
WH271,Houston,2190,4409,5,7,21,99472,S891,Furniture,3787,4.71,1.17,3.32,39709,11486,4392,80,13,71,17,Normal,0.5,115350,226,Shortage
WH349,Los Angeles,2308,724,5,1,16,92173,S273,Electronics,3727,4.9,9.99,2.89,49852,12760,11568,240,36,31,11,Delayed,3.19,116501,341,Excess
WH026,Houston,1992,4773,5,4,12,36291,S219,Groceries,4612,1.79,4.67,1.7,16817,11598,10070,107,48,37,11,Delayed,0.42,57959,427,Shortage
WH347,Atlanta,1284,4240,8,5,24,91504,S898,Groceries,8173,0.75,5.2,2.39,14075,3025,12889,172,31,10,14,Delayed,0.3,107418,594,Shortage
WH219,Dallas,3921,4064,10,3,16,46284,S648,Furniture,7361,1.1,9.99,3.08,42770,11017,1729,99,45,13,14,Delayed,0.96,59030,522,Balanced
WH444,New York,2214,1757,10,7,25,34912,S677,Apparel,9432,3.13,2.09,2.08,15788,10598,3113,233,48,52,20,Normal,1.26,48623,468,Excess
WH393,Denver,3352,1825,9,4,8,65532,S403,Automotive,7382,0.86,2.6,4.07,45742,6788,11258,48,16,44,14,Delayed,1.84,83578,532,Excess
WH121,Dallas,4422,3216,3,6,19,51038,S596,Automotive,8910,1.7,7.91,4.56,31151,12442,3752,179,34,26,11,Delayed,1.38,67232,832,Excess
WH366,New York,3904,1956,6,6,16,96162,S473,Groceries,4401,3.55,6.06,3.48,26040,3997,1846,277,34,36,16,Normal,2,102005,282,Excess
WH420,Houston,778,4266,6,5,18,36339,S645,Furniture,6029,1.77,3.2,1.63,33230,18911,2535,291,15,69,13,Delayed,0.18,57785,472,Shortage
WH324,Los Angeles,1691,4729,4,5,24,98302,S501,Apparel,1842,1.2,9.75,4.23,19745,19929,14181,205,6,12,10,Delayed,0.36,132412,180,Shortage
WH363,Denver,3150,4731,9,4,17,52286,S612,Electronics,1253,1.46,6.15,4.33,28836,18445,4379,142,10,67,14,Delayed,0.67,75110,86,Shortage
WH030,New York,3930,1197,10,1,13,66480,S123,Apparel,9448,2.58,8.33,3.61,36144,3341,6868,214,36,34,14,Delayed,3.28,76689,695,Excess
WH119,Miami,1100,2919,9,5,16,79205,S795,Groceries,5735,4.51,7.68,4.63,28489,5217,14484,147,36,74,19,Normal,0.38,98906,309,Shortage
WH314,New York,794,2163,8,6,11,93008,S443,Groceries,1448,3.85,1.07,1.55,25387,5083,5620,97,41,9,18,Normal,0.37,103711,81,Shortage
WH436,New York,4553,955,5,7,7,77040,S989,Furniture,4390,2.77,2.54,3.86,32777,11404,2328,5,22,8,15,Delayed,4.77,90772,297,Excess
WH390,Dallas,3530,1066,8,1,19,68576,S927,Furniture,2204,1.2,9.38,4.26,15844,11824,13391,277,7,28,10,Delayed,3.31,93791,216,Excess
WH204,New York,4161,4769,2,6,25,64773,S364,Furniture,7505,4.85,5.89,1.57,27050,4514,2645,98,46,50,13,Delayed,0.87,71932,584,Shortage
WH032,Atlanta,3103,1480,8,3,13,79160,S386,Furniture,9252,3.03,8.19,1.08,19103,7872,1947,131,0,14,14,Delayed,2.1,88979,659,Excess
WH313,Chicago,2208,1610,3,7,11,34878,S612,Apparel,8124,1.42,3.39,1.39,23458,16194,1647,72,47,89,11,Delayed,1.37,52719,711,Excess
WH187,Dallas,1010,4507,5,6,20,61693,S488,Groceries,3900,2.52,4.67,3.06,14077,12042,5816,271,9,23,14,Delayed,0.22,79551,288,Shortage
WH490,Los Angeles,1734,3809,10,5,7,85301,S387,Groceries,1535,4.6,6.02,3.19,42089,19944,8555,164,37,67,20,Normal,0.46,113800,78,Shortage
WH396,Los Angeles,4689,620,7,2,9,96508,S142,Electronics,2833,4.11,8.82,2.74,10597,19812,13221,144,8,79,13,Delayed,7.56,129541,216,Excess
WH075,Houston,2578,4206,2,4,8,73583,S771,Furniture,5971,4.52,7.36,4.17,47323,11323,11581,153,11,79,11,Delayed,0.61,96487,567,Shortage
WH257,Houston,839,2010,10,1,13,69694,S708,Apparel,4652,1.54,7.65,2.08,41031,19979,13698,289,26,90,13,Delayed,0.42,103371,371,Shortage
WH380,Denver,1295,1850,8,2,6,86908,S873,Automotive,7556,4.15,4.04,2.89,10776,2975,2045,45,6,12,14,Delayed,0.7,91928,533,Shortage
WH286,Denver,4552,2103,10,3,19,74330,S454,Apparel,7955,1.77,3.86,2.11,22787,4803,1858,143,41,98,15,Delayed,2.16,80991,538,Excess
WH076,Houston,2468,1696,8,2,17,73989,S635,Furniture,8653,1.41,9.63,3.57,20971,7064,8104,113,23,100,11,Delayed,1.46,89157,758,Excess
WH387,Atlanta,2420,3470,6,6,24,32599,S872,Groceries,2840,4.91,9.24,3.27,16208,16299,10144,50,2,54,17,Normal,0.7,59042,167,Shortage
WH342,Los Angeles,802,1651,5,5,25,98483,S928,Furniture,5708,3.84,7.2,3.7,42957,11639,14914,34,28,86,14,Delayed,0.49,125036,412,Shortage
WH453,New York,1322,4183,9,7,13,73377,S434,Automotive,6710,3.28,7.01,1.16,42688,4554,936,299,33,44,19,Normal,0.32,78867,348,Shortage
WH473,Atlanta,4966,4469,10,7,5,33179,S181,Electronics,8446,4.38,8.29,4.28,25568,18319,7078,227,32,77,21,Normal,1.11,58576,395,Excess
WH195,Los Angeles,2482,1780,9,6,12,74035,S188,Automotive,3562,0.71,7.12,3.15,47194,1901,12651,222,13,95,16,Normal,1.39,88587,226,Excess
WH419,Seattle,4615,2767,7,3,14,57295,S112,Furniture,9618,2.38,4.36,3.75,28007,3193,9014,13,36,57,12,Delayed,1.67,69502,777,Excess
WH315,New York,1864,4837,5,1,5,82497,S709,Furniture,4968,1.4,1.54,3.95,49764,6405,8691,138,16,28,7,Delayed,0.39,97593,671,Shortage
WH397,Atlanta,1594,2760,2,6,9,98567,S813,Apparel,2433,3.72,8.23,4.56,10576,14648,14169,129,19,67,12,Delayed,0.58,127384,207,Shortage
WH492,San Francisco,1967,442,7,1,6,34205,S287,Furniture,5005,2.2,5.27,3.61,21377,3361,9361,75,39,7,10,Delayed,4.45,46927,490,Excess
WH040,Houston,863,4365,5,7,10,31316,S153,Furniture,2078,3.24,2.49,3.85,25078,11949,11131,201,41,18,15,Normal,0.2,54396,136,Shortage
WH109,Denver,4748,4753,3,6,16,67320,S193,Groceries,2960,2.88,5.72,1.92,35955,19702,9406,116,26,56,12,Delayed,1,96428,249,Balanced
WH104,San Francisco,3963,4359,8,4,19,95995,S732,Furniture,7022,3.68,7.21,4.57,15192,5196,11137,228,46,29,16,Normal,0.91,112328,447,Balanced
WH129,Miami,4049,3732,6,2,13,64539,S461,Automotive,8796,2.99,4.88,4.79,34165,15396,9246,78,32,6,11,Delayed,1.08,89181,800,Balanced
WH430,Atlanta,680,3984,2,3,11,91042,S381,Automotive,1825,2.21,8.82,3.36,15155,9438,4296,47,27,98,7,Delayed,0.17,104776,253,Shortage
WH389,San Francisco,2172,3321,2,5,9,60429,S902,Automotive,8783,1.75,3.06,3.64,47296,19538,10792,201,22,14,9,Delayed,0.65,90759,1004,Shortage
WH086,New York,2160,1085,9,5,5,66793,S897,Apparel,1418,1.21,7.29,1.59,41232,5883,6290,18,21,36,15,Normal,1.99,78966,93,Excess
WH023,Atlanta,4279,3822,4,6,10,91635,S133,Furniture,6007,3.56,8.05,3.96,18979,2775,8483,221,48,50,14,Delayed,1.12,102893,442,Excess
WH242,New York,3212,2993,2,5,17,47222,S485,Groceries,4836,1.92,8.37,2.67,12761,2360,10103,53,2,12,9,Delayed,1.07,59685,542,Balanced
WH320,Houston,2420,2840,2,7,25,62394,S915,Automotive,2670,2.98,4.53,4.54,42442,2183,13272,282,46,7,12,Delayed,0.85,77849,222,Shortage
WH296,Seattle,1762,3916,2,4,13,36091,S746,Automotive,5329,2.99,6.42,3.49,37245,19475,12567,16,31,91,9,Delayed,0.45,68133,592,Shortage
WH012,Seattle,3842,4266,5,3,9,54664,S377,Electronics,6678,2.96,4.47,3.05,24667,12490,11557,68,11,31,11,Delayed,0.9,78711,609,Balanced
WH035,Chicago,3929,3188,10,6,7,93280,S287,Automotive,9632,2.72,4.29,3.4,43657,5616,14651,13,32,12,19,Normal,1.23,113547,514,Excess
WH093,Dallas,4224,3596,2,1,22,63818,S867,Apparel,8200,2.37,5.29,2.65,24435,10588,8540,297,36,75,5,Delayed,1.17,82946,1526,Excess
WH098,Dallas,3418,5130,6,3,11,97235,S670,Groceries,3468,1.44,1.34,2.1,38426,18176,3251,135,43,58,10,Delayed,0.67,118662,332,Shortage
WH124,New York,2550,2544,5,4,18,43064,S593,Furniture,7192,1.49,6.18,1.35,23986,7744,13724,38,32,85,10,Delayed,1,64532,685,Balanced
WH183,Miami,3442,3997,3,3,18,34794,S121,Electronics,6003,2.65,7.03,3.81,47664,5117,8157,28,26,54,9,Delayed,0.86,48068,694,Shortage
WH426,Atlanta,2998,658,10,2,19,43556,S375,Electronics,8622,2.47,7.86,4.26,37264,13469,6482,52,15,80,14,Delayed,4.56,63507,595,Excess
WH424,Seattle,1645,1998,7,4,13,85144,S339,Electronics,1803,1.92,7.34,3.78,47552,10090,9488,167,47,40,13,Delayed,0.82,104722,139,Shortage
WH279,Los Angeles,2279,1715,3,6,19,51798,S474,Apparel,5390,2.98,7.27,2.9,17432,5887,1238,29,39,69,12,Delayed,1.33,58923,450,Excess
WH401,Houston,3631,4761,9,7,23,85798,S350,Apparel,1238,3.4,4.57,2.37,25878,3896,11847,63,43,94,19,Normal,0.76,101541,63,Shortage
WH187,Dallas,2756,4440,4,5,16,91702,S674,Electronics,7713,3.55,4.64,4.45,39303,5345,3013,126,33,85,13,Delayed,0.62,100060,614,Shortage
WH411,Denver,2005,621,2,4,12,38148,S195,Groceries,9068,1.05,8.29,2.17,25644,12799,12305,290,42,32,7,Delayed,3.23,63252,1286,Excess
WH026,Chicago,2042,2627,6,5,12,55853,S944,Electronics,4488,1.31,4.18,3.57,13881,2691,1893,203,50,73,12,Delayed,0.78,60437,364,Shortage
WH268,Seattle,3150,4897,9,2,10,92424,S690,Automotive,4681,2.26,1.32,3.3,11336,16865,12202,79,14,82,13,Delayed,0.64,121491,353,Shortage
WH436,Houston,3431,3271,4,3,11,98150,S955,Apparel,4605,4.34,3.72,2.72,32555,4215,6391,48,50,90,11,Delayed,1.05,108756,406,Balanced
WH256,Houston,4169,4979,8,6,15,79750,S539,Groceries,6683,2.68,5.21,1.18,44285,17836,1355,61,26,24,17,Normal,0.84,98941,400,Shortage
WH290,New York,1498,3928,3,3,22,73515,S827,Apparel,5884,3.23,7.81,2.91,27015,17774,1468,215,10,57,9,Delayed,0.38,92757,637,Shortage
WH480,Los Angeles,3929,1419,7,3,15,96829,S566,Apparel,3793,1.63,3.31,1.2,45860,7257,7188,222,0,22,12,Delayed,2.77,111274,326,Excess
WH020,San Francisco,2734,4605,3,3,20,94845,S810,Groceries,9663,2.39,0.9,4.15,41700,14331,8580,195,40,92,8,Delayed,0.59,117756,1151,Shortage
WH017,Denver,4576,1341,2,6,6,52507,S696,Apparel,3262,4.28,2.36,2.43,38381,12369,11657,130,11,42,12,Delayed,3.41,76533,265,Excess
WH325,New York,4863,2479,6,4,15,61482,S147,Groceries,5514,3.45,3.98,4.06,21317,9460,11887,20,10,34,13,Delayed,1.96,82829,410,Excess
WH304,Los Angeles,3206,3987,2,2,23,56759,S739,Furniture,9928,1.29,7.36,2.86,49752,2529,6603,98,29,45,5,Delayed,0.8,65891,1877,Shortage
WH315,Chicago,2679,2355,4,1,10,85536,S512,Apparel,5352,2.7,3.59,2.91,43969,17067,8262,60,47,33,8,Delayed,1.14,110865,695,Excess
WH179,San Francisco,4703,3631,3,4,5,55573,S690,Groceries,5077,0.73,1.35,1.44,22122,7430,9719,15,34,51,8,Delayed,1.3,72722,656,Excess
WH205,Houston,4789,2629,10,4,18,67902,S844,Groceries,1150,1.88,4.25,4.58,24608,2315,5798,125,20,57,16,Normal,1.82,76015,72,Excess
WH005,Atlanta,2865,5093,9,5,14,50857,S617,Apparel,2701,2.52,1.86,4.04,35251,3425,7300,22,0,13,17,Normal,0.56,61582,163,Shortage
WH100,Atlanta,4348,3191,4,3,9,60499,S145,Electronics,6065,0.64,6.62,4.27,36544,3673,4952,181,50,85,8,Delayed,1.36,69124,793,Excess
WH326,Seattle,1689,5061,9,2,12,37440,S414,Groceries,3417,1.53,0.57,4.35,38198,8814,3819,171,23,75,13,Delayed,0.33,50073,272,Shortage
WH233,Houston,1799,4048,2,3,22,39231,S415,Furniture,7128,1.56,1.17,1.63,21097,2115,6205,10,20,91,7,Delayed,0.44,47551,1086,Shortage
WH277,Los Angeles,4884,3184,5,4,6,48757,S710,Furniture,1966,2.46,0.66,1.39,28549,16441,14887,113,10,18,11,Delayed,1.53,80085,171,Excess
WH440,Atlanta,2943,3759,4,4,17,84467,S858,Automotive,5491,2.78,5.73,1.07,11290,7098,11675,88,17,61,11,Delayed,0.78,103240,509,Shortage
WH077,Miami,4930,1596,9,6,16,65180,S999,Apparel,5159,3.02,1.23,4.75,18352,11701,13753,293,30,35,18,Normal,3.09,90634,286,Excess
WH478,San Francisco,1233,5175,6,6,16,49703,S466,Electronics,9533,4.7,3.34,4.83,27791,18878,3668,232,34,55,17,Normal,0.24,72249,570,Shortage
WH402,Seattle,674,4623,5,1,14,82542,S954,Automotive,4972,3.88,4.36,1.23,26141,15403,9039,228,6,64,10,Delayed,0.15,106984,503,Shortage
WH341,Houston,3722,1745,4,2,10,67201,S361,Electronics,3781,3.84,4.76,4.8,13998,15719,12369,91,15,27,10,Delayed,2.13,95289,384,Excess
WH258,Miami,1503,4215,4,1,18,61767,S209,Automotive,7511,3.17,1.88,4.41,48675,11230,5869,13,9,67,8,Delayed,0.36,78866,919,Shortage
WH119,Atlanta,3386,3306,2,7,15,73834,S538,Furniture,2230,3.57,3.38,1.94,23075,4455,7674,219,0,56,13,Delayed,1.02,85963,177,Balanced
WH068,Los Angeles,3513,3170,4,3,19,53542,S599,Electronics,7359,0.66,7.53,2.17,20332,4948,5074,273,43,92,8,Delayed,1.11,63564,961,Excess
WH031,San Francisco,1343,848,10,1,12,64407,S690,Groceries,9625,0.57,7.75,2.51,46795,10723,4060,2,31,19,12,Delayed,1.58,79190,831,Excess
WH499,Houston,4672,4914,5,1,17,43396,S112,Groceries,8583,2.5,1.02,3.74,23417,19063,2637,88,3,33,9,Delayed,0.95,65096,1009,Balanced
WH389,Los Angeles,3446,3285,3,5,9,93587,S394,Apparel,3947,2,2.26,1.35,28596,1997,2877,23,23,11,10,Delayed,1.05,98461,394,Balanced
WH461,Los Angeles,1690,3229,2,3,25,36991,S217,Electronics,4122,1.95,8.12,4.66,18398,9138,5531,44,16,25,7,Delayed,0.52,51660,592,Shortage
WH192,San Francisco,1631,4816,7,2,10,97759,S187,Electronics,6095,2.85,0.62,4.07,26153,11785,9870,23,1,78,12,Delayed,0.34,119414,514,Shortage
WH182,Chicago,2206,1667,8,1,6,47230,S258,Apparel,6579,0.66,8.68,2.39,25968,12102,12800,51,28,60,10,Delayed,1.32,72132,681,Excess
WH436,Miami,2199,1668,7,2,15,87711,S698,Furniture,2852,4.7,2.65,4.88,15009,14154,5337,172,12,99,14,Delayed,1.32,107202,208,Excess
WH263,Miami,4916,2610,5,1,18,88765,S410,Apparel,8025,2.89,5.39,1.86,41105,1464,5319,176,36,14,9,Delayed,1.88,95548,902,Excess
WH471,New York,1627,3789,3,3,17,85842,S946,Groceries,1788,4.38,2.34,4.77,35748,5604,11672,285,43,48,10,Delayed,0.43,103118,172,Shortage
WH151,New York,989,2784,6,1,18,47950,S492,Automotive,7949,4.51,8.44,1.53,22004,6945,3471,28,46,32,12,Delayed,0.36,58366,690,Shortage
WH294,Chicago,4251,650,10,3,23,57399,S607,Groceries,5765,3.61,7.78,1.18,30399,7522,8792,215,12,61,17,Normal,6.54,73713,347,Excess
WH002,San Francisco,4387,2175,8,4,10,49294,S497,Electronics,5528,3.42,5.95,3.33,14253,3692,3766,137,16,57,15,Normal,2.02,56752,358,Excess
WH074,Atlanta,1391,1134,9,4,14,78225,S627,Furniture,5475,3.41,8.3,2.49,30357,2637,7562,27,14,7,16,Normal,1.23,88424,333,Excess
WH305,Denver,3581,1545,2,2,17,58798,S703,Furniture,3336,3.35,8.1,4.04,34887,19453,9161,272,30,86,7,Delayed,2.32,87412,453,Excess
WH194,Seattle,3874,4349,3,3,23,81369,S811,Furniture,2781,3.54,1.67,2.78,28129,18641,13910,117,7,27,10,Delayed,0.89,113920,291,Shortage
WH232,San Francisco,688,1463,3,7,13,90841,S520,Automotive,1473,3.45,6,4.3,15316,17786,5956,128,4,25,13,Delayed,0.47,114583,109,Shortage
WH041,New York,982,3984,2,5,24,58802,S388,Groceries,5676,3.43,1.07,4.48,20994,19518,6490,148,43,79,10,Delayed,0.25,84810,544,Shortage
WH131,New York,4422,828,9,1,5,80974,S181,Groceries,6857,1.19,5.67,1.44,31687,11125,6039,106,29,38,11,Delayed,5.34,98138,612,Excess
WH370,Denver,3057,930,4,6,13,33807,S805,Groceries,6939,1.49,9.33,1.87,29413,8501,3176,289,18,58,11,Delayed,3.29,45484,603,Excess
WH225,San Francisco,1742,4542,4,1,12,98732,S504,Groceries,7019,3.98,6.1,4.32,15069,12991,14155,176,12,75,9,Delayed,0.38,125878,781,Shortage
WH223,Los Angeles,618,932,10,2,11,36651,S591,Groceries,8698,4.45,2.69,2.44,38504,13484,1670,120,40,70,16,Normal,0.66,51805,528,Shortage
WH476,Los Angeles,1386,1271,8,5,13,78191,S225,Furniture,1613,4.15,7.85,1.9,31646,17732,7714,238,5,78,17,Normal,1.09,103637,94,Balanced
WH455,Seattle,2207,3714,9,1,6,79701,S820,Groceries,1621,4.82,9.58,4.17,46394,19151,559,103,31,27,15,Delayed,0.59,99411,109,Shortage
WH370,Houston,1488,3011,3,6,13,77440,S744,Apparel,1163,1.72,2.5,1.97,47706,3022,2563,120,14,33,11,Delayed,0.49,83025,108,Shortage
WH105,New York,4872,2903,3,6,6,52838,S152,Furniture,7135,2.55,3.78,3.71,36005,4009,13393,2,20,40,12,Delayed,1.68,70240,617,Excess
WH282,Chicago,1457,922,5,4,6,56640,S997,Electronics,7717,0.73,4.74,2.42,14777,10811,5499,289,6,37,10,Delayed,1.58,72950,793,Excess
WH489,Dallas,3312,3091,10,2,9,60788,S771,Groceries,4335,4.56,7.23,4.92,18928,17190,4973,179,20,35,17,Normal,1.07,82951,261,Balanced
WH376,San Francisco,2605,5126,4,3,25,52334,S260,Groceries,4701,0.78,9.5,3.09,10338,6035,7781,294,36,91,8,Delayed,0.51,66150,604,Shortage
WH458,San Francisco,660,1611,3,1,7,94183,S188,Automotive,6400,2.47,2.78,2.21,16847,6734,14278,76,31,7,6,Delayed,0.41,115195,989,Shortage
WH033,Miami,2300,1459,4,1,5,88472,S808,Electronics,2672,3.04,8.16,4.57,20247,12513,5813,145,41,59,8,Delayed,1.58,106798,332,Excess
WH125,Chicago,4977,1299,5,6,23,91605,S954,Electronics,6841,1.59,9.48,1.86,41030,8656,2296,12,11,47,13,Delayed,3.83,102557,543,Excess
WH080,Chicago,2200,2474,3,1,7,30946,S439,Furniture,9333,2.81,4.47,3.65,28605,16645,9292,230,20,59,7,Delayed,0.89,56883,1369,Shortage
WH286,Dallas,3424,5119,2,4,16,72693,S248,Apparel,8842,4.95,1.01,4.35,41424,10280,3078,216,26,95,11,Delayed,0.67,86051,807,Shortage
WH120,Denver,2258,2659,4,5,5,97396,S968,Electronics,4499,1.53,1.53,1.9,35457,15946,515,158,40,42,11,Delayed,0.85,113857,427,Shortage
WH092,San Francisco,3547,5117,4,5,20,46592,S799,Electronics,9398,2.69,5.02,2.91,11927,1357,9805,184,40,78,12,Delayed,0.69,57754,803,Shortage
WH477,Atlanta,679,1890,7,1,22,49608,S684,Electronics,1359,1,4.25,4.16,14825,15165,7572,248,3,71,9,Delayed,0.36,72345,150,Shortage
WH413,Seattle,3412,2576,4,7,25,52720,S899,Automotive,1753,0.56,1.29,2.36,32468,5445,4987,111,29,21,12,Delayed,1.32,63152,151,Excess
WH326,San Francisco,1210,1626,4,4,10,55520,S816,Electronics,9166,0.92,8.37,3.01,49101,17697,11152,210,7,90,9,Delayed,0.74,84369,1027,Shortage
WH078,San Francisco,2466,2107,4,2,8,99202,S436,Groceries,1248,1.65,8.64,2.09,49895,11376,4433,42,14,46,8,Delayed,1.17,115011,163,Excess
WH055,Miami,849,4475,8,5,10,72838,S126,Apparel,7426,1.65,6.54,4.69,40691,14310,2042,160,4,78,15,Delayed,0.19,89190,506,Shortage
WH033,Seattle,620,3801,9,5,25,99965,S261,Apparel,7580,3.74,9.13,4.84,36935,18414,8482,299,30,33,18,Normal,0.16,126861,427,Shortage
WH243,Seattle,2270,575,4,6,11,59428,S222,Automotive,1848,2.92,8.77,4.04,11850,2588,8173,181,10,23,13,Delayed,3.95,70189,143,Excess
WH388,San Francisco,2202,2947,10,2,24,84686,S270,Apparel,5667,1.78,8.69,4.42,48273,18885,13036,92,39,46,14,Delayed,0.75,116607,411,Shortage
WH482,Seattle,2343,1171,3,2,15,59904,S763,Electronics,7410,1.51,3.27,3.48,44472,7102,3547,246,1,67,7,Delayed,2,70553,1137,Excess
WH387,Los Angeles,4174,3605,10,6,25,45894,S807,Furniture,2555,3.39,2.3,1.39,12979,4433,12383,45,12,75,19,Normal,1.16,62710,131,Excess
WH259,Seattle,4648,3271,2,2,15,38658,S322,Groceries,7125,0.91,6.62,1.43,15598,5751,12666,11,26,59,5,Delayed,1.42,57075,1452,Excess
WH049,Chicago,3577,2582,8,3,7,89377,S825,Furniture,6669,1.19,6.16,4.47,45556,1133,9913,195,28,97,12,Delayed,1.39,100423,547,Excess
WH322,Chicago,1502,2782,5,4,11,39104,S134,Furniture,1245,3.86,7.82,3.6,44913,12304,1408,81,15,79,13,Delayed,0.54,52816,96,Shortage
WH131,Denver,2556,886,9,7,19,98956,S516,Furniture,9931,4.29,7.26,1.19,15965,16289,8362,221,0,14,20,Normal,2.88,123607,489,Excess
WH264,Atlanta,3807,3546,10,3,12,57378,S314,Electronics,7646,2.53,4.89,2.65,29822,2827,5546,47,28,63,16,Normal,1.07,65751,492,Balanced
WH371,Houston,929,2849,7,3,15,87397,S391,Apparel,9526,3.82,0.84,1.6,44786,16282,11137,124,1,27,14,Delayed,0.33,114816,689,Shortage
WH183,Houston,4448,2335,5,1,13,90309,S518,Electronics,5763,4.66,7.22,3.98,30810,8728,14870,138,17,7,11,Delayed,1.9,113907,540,Excess
WH329,New York,1747,4930,5,3,20,95132,S927,Apparel,1695,1.73,6.21,2.73,36489,12353,4864,113,19,50,10,Delayed,0.35,112349,174,Shortage
WH232,Dallas,519,3854,2,4,16,96949,S278,Groceries,2065,4.44,2.64,3.2,34100,6332,6145,273,31,86,10,Delayed,0.13,109426,197,Shortage
WH488,Denver,1769,2744,7,6,18,63690,S782,Apparel,6256,2.83,3.18,3.23,18687,7616,14003,237,28,67,16,Normal,0.64,85309,395,Shortage
WH344,Houston,2073,894,8,2,21,34990,S123,Furniture,8141,4.11,6.08,4.13,36001,1476,14534,262,3,55,14,Delayed,2.32,51000,577,Excess
WH060,New York,969,1093,4,3,7,51567,S231,Furniture,2127,3.59,4.99,3.07,26229,4565,2540,206,35,17,11,Delayed,0.89,58672,200,Shortage
WH194,Dallas,1204,1222,9,5,19,43468,S735,Groceries,8904,3.98,8.94,4.23,43074,6812,2324,244,3,90,18,Normal,0.99,52604,495,Balanced
WH489,Seattle,3853,1343,3,4,15,40856,S941,Apparel,5090,1.2,2,3.54,13948,8099,6692,112,45,12,8,Delayed,2.87,55647,620,Excess
WH470,New York,2498,800,8,7,25,45456,S433,Furniture,4404,3.04,2.84,3.84,23341,14588,1950,107,17,77,18,Normal,3.12,61994,244,Excess
WH175,Los Angeles,2366,3994,10,3,15,92482,S228,Furniture,1770,1.82,4.74,2.82,25357,8940,9011,141,38,66,15,Delayed,0.59,110433,119,Shortage
WH419,San Francisco,2492,598,8,3,19,55080,S783,Automotive,4399,2.87,3.87,1.52,33279,18414,11372,89,29,5,14,Delayed,4.17,84866,317,Excess
WH246,Chicago,2610,3115,10,2,15,71855,S646,Apparel,3294,1.82,8.63,2.99,42413,12091,7749,289,5,98,14,Delayed,0.84,91695,238,Shortage
WH401,Atlanta,3157,3940,5,2,8,99706,S219,Groceries,4202,2.64,2.15,4.77,45610,12957,14529,270,5,53,10,Delayed,0.8,127192,435,Shortage
WH079,Dallas,3347,878,6,5,24,55163,S581,Automotive,3689,2.35,0.87,2.09,19511,11709,12230,210,44,78,13,Delayed,3.81,79102,276,Excess
WH113,Houston,1875,4065,9,2,23,48912,S164,Apparel,1713,4.95,6.44,2.09,24950,1887,14635,298,24,90,16,Normal,0.46,65434,107,Shortage
WH482,Dallas,654,2773,6,6,25,37339,S980,Furniture,2042,3.06,1.33,1.18,48570,4473,1954,268,19,82,15,Normal,0.24,43766,135,Shortage
WH095,Denver,4991,2525,5,2,11,79488,S320,Furniture,9049,0.88,8.56,4.01,22805,3272,13564,126,48,94,8,Delayed,1.98,96324,1147,Excess
WH387,Chicago,1889,2271,9,4,11,91701,S759,Groceries,3138,3.66,7,1.63,30630,6237,13797,63,19,92,17,Normal,0.83,111735,188,Shortage
WH189,Los Angeles,939,4581,9,2,9,96247,S286,Electronics,1312,4.23,4.23,3.63,46548,2946,5515,150,5,28,15,Normal,0.2,104708,86,Shortage
WH039,New York,2347,2434,7,3,17,93079,S445,Electronics,2906,1.19,4.71,2.25,46837,5506,9020,88,24,21,11,Delayed,0.96,107605,259,Balanced
WH233,Atlanta,4434,4997,8,2,20,65546,S355,Groceries,9664,2.37,5.48,3.03,20120,5212,7969,97,18,77,12,Delayed,0.89,78727,781,Shortage
WH303,Miami,1602,4403,9,3,5,98673,S139,Electronics,4423,3.42,9.04,2.01,12348,5046,13352,268,42,7,15,Normal,0.36,117071,286,Shortage
WH105,Miami,2936,5034,3,6,9,82925,S372,Furniture,9521,3.12,2.26,4.7,23562,19875,1132,55,36,22,12,Delayed,0.58,103932,785,Shortage
WH018,Atlanta,2437,1217,4,4,5,75859,S656,Furniture,4990,2.71,2.63,2.81,36928,10790,12841,224,24,18,11,Delayed,2,99490,466,Excess
WH350,Miami,2652,1374,2,7,21,44162,S230,Furniture,5892,3.5,8.11,3.37,20238,15998,5669,198,9,82,12,Delayed,1.93,65829,471,Excess
WH287,Atlanta,4693,4306,4,1,24,38920,S129,Automotive,9883,3.58,7.18,2.72,22130,17787,4640,90,2,97,9,Delayed,1.09,61347,1152,Balanced
WH354,Los Angeles,2929,2193,4,1,23,93422,S519,Electronics,6796,2.45,4.86,1.37,12910,3528,10857,63,24,87,7,Delayed,1.34,107807,911,Excess
WH395,Dallas,4860,5137,6,1,6,55459,S157,Automotive,1101,3.55,3.36,4.44,36306,2942,3679,179,43,48,11,Delayed,0.95,62080,104,Balanced
WH344,Denver,985,474,6,7,5,96689,S532,Apparel,9816,1.21,4.93,3.61,43485,11804,3414,113,9,83,14,Delayed,2.08,111907,690,Excess
WH418,Chicago,3322,2770,3,6,22,90331,S476,Apparel,6836,3.02,4.47,1.78,24388,16588,9369,105,28,6,12,Delayed,1.2,116288,568,Excess
WH181,Denver,3264,2646,6,1,10,65921,S627,Apparel,3316,2.83,4.05,3.38,49628,19408,4478,177,29,93,10,Delayed,1.23,89807,337,Excess
WH128,Seattle,1410,2117,8,5,25,68512,S984,Automotive,7919,1,3.01,3.82,25647,13314,2177,16,10,33,14,Delayed,0.67,84003,565,Shortage
WH404,Atlanta,1319,4559,3,6,13,74534,S305,Furniture,5863,4.49,8.93,4.62,22844,3352,12320,226,22,52,13,Delayed,0.29,90206,434,Shortage
WH354,Atlanta,3013,2774,2,1,14,68302,S306,Furniture,8883,2.38,7.57,5,15190,13477,8696,255,7,94,5,Delayed,1.09,90475,1650,Balanced
WH106,Los Angeles,3765,3292,3,1,9,62523,S154,Apparel,6925,4.26,0.99,3.06,36936,3612,5023,300,6,55,8,Delayed,1.14,71158,838,Excess
WH257,Houston,1169,3503,3,6,11,79946,S198,Electronics,6622,2.17,5.75,4.3,35367,18442,6998,133,25,74,11,Delayed,0.33,105386,592,Shortage
WH305,New York,1969,1594,2,6,24,67751,S755,Apparel,1686,4.15,9.62,3.02,49519,6988,2877,46,27,68,12,Delayed,1.24,77616,138,Excess
WH090,Seattle,3512,3056,2,5,11,81104,S775,Electronics,1239,1.55,6.52,1.77,38384,18938,11559,57,38,42,9,Delayed,1.15,111601,144,Excess
WH033,Atlanta,2845,3243,4,2,23,40414,S944,Automotive,8936,3.68,5.66,3.14,19590,9593,6891,294,14,18,10,Delayed,0.88,56898,923,Shortage
WH382,Miami,4258,4740,6,7,20,80668,S417,Automotive,5312,4.73,3.57,4.12,27619,4776,12277,13,42,91,18,Normal,0.9,97721,299,Shortage
WH001,Miami,3807,3440,10,1,24,42372,S372,Furniture,4503,1.54,2.28,1.24,13306,18195,9484,63,4,59,13,Delayed,1.11,70051,358,Excess
WH330,Denver,4403,4734,10,4,7,77444,S317,Electronics,3880,1.76,6.99,1.66,31326,2080,6426,18,23,52,16,Normal,0.93,85950,246,Balanced
WH080,Seattle,4039,1966,5,1,16,82812,S892,Furniture,3353,1.62,4.83,1.2,17616,15539,4666,55,30,40,8,Delayed,2.05,103017,439,Excess
WH488,Dallas,4067,2729,7,2,12,46080,S622,Automotive,4596,1.41,7.93,1.79,10940,6967,11725,260,8,90,10,Delayed,1.49,64772,441,Excess
WH201,Los Angeles,4179,964,6,1,10,55053,S520,Groceries,4124,1.48,3.58,2,29722,9487,7488,253,0,45,8,Delayed,4.34,72028,486,Excess
WH056,Atlanta,4278,3427,5,3,19,39851,S396,Electronics,9286,2.82,9.09,3.56,38006,14959,11699,278,48,80,11,Delayed,1.25,66509,857,Excess
WH046,Los Angeles,4545,2036,2,6,8,90308,S801,Apparel,7029,2.66,7.24,1.3,25207,5008,12688,231,45,98,11,Delayed,2.23,108004,659,Excess
WH442,Chicago,544,4553,9,3,20,59227,S407,Groceries,9535,1.78,8.2,1.86,11085,14270,6211,275,50,46,14,Delayed,0.12,79708,692,Shortage
WH209,Denver,3328,3027,2,3,22,93013,S544,Groceries,7683,1.37,3.08,3.24,15557,6652,8795,216,28,13,6,Delayed,1.1,108460,1205,Balanced
WH390,Houston,1124,4854,7,1,16,30515,S503,Groceries,1927,1.41,2.73,2.34,39339,15148,14579,179,20,79,9,Delayed,0.23,60242,204,Shortage
WH042,Chicago,2279,1930,10,7,24,72812,S569,Automotive,4016,3.27,3.65,1.01,46299,6101,12458,163,30,51,20,Normal,1.18,91371,198,Excess
WH414,Dallas,2358,2655,6,7,23,45715,S995,Groceries,1413,2.66,3,1.9,26390,7744,5653,140,21,76,16,Normal,0.89,59112,90,Shortage
WH390,Miami,1376,5004,2,1,24,64485,S742,Furniture,3285,3.99,4.57,3.51,48768,16192,9028,199,32,20,7,Delayed,0.27,89705,469,Shortage
WH001,Chicago,3721,3835,6,7,14,60781,S565,Automotive,1330,1.06,4.23,4.44,33682,14240,6406,0,41,95,14,Delayed,0.97,81427,94,Balanced
WH266,Miami,4874,4415,8,1,11,87222,S851,Groceries,6771,3.99,9.45,2.83,37502,1217,8138,6,15,39,13,Delayed,1.1,96577,521,Excess
WH039,Chicago,4264,676,4,3,13,35183,S120,Groceries,5645,4.6,6.9,3.71,45076,18049,2828,117,11,80,12,Delayed,6.31,56060,486,Excess
WH037,Miami,2570,3036,5,6,16,72382,S602,Electronics,2353,2.17,1.41,4.6,27852,7710,1039,132,45,50,13,Delayed,0.85,81131,178,Shortage
WH500,Dallas,4798,2861,8,4,23,70972,S966,Automotive,5015,4.65,4.9,2.98,39543,8082,13117,136,26,14,17,Normal,1.68,92171,301,Excess
WH361,Houston,3845,1896,6,3,12,67556,S598,Electronics,9719,4.07,8.42,2.77,34874,14922,13314,126,11,97,13,Delayed,2.03,95792,743,Excess
WH391,Miami,2671,2527,6,2,18,36034,S102,Automotive,1288,4.56,3.7,4.41,49979,12654,3570,25,20,51,13,Delayed,1.06,52258,102,Balanced
WH027,New York,4759,484,9,2,17,96825,S131,Automotive,3694,0.83,3.56,3.2,16996,7961,14110,119,41,85,12,Delayed,9.83,118896,312,Excess
WH141,Miami,659,4727,10,5,8,42631,S798,Furniture,8771,3.78,3.44,3.09,46742,13170,3430,178,6,82,19,Normal,0.14,59231,467,Shortage
WH398,Atlanta,1859,3467,2,6,18,79114,S637,Automotive,1103,4.79,5.05,1.4,22704,4727,7642,15,36,60,13,Delayed,0.54,91483,86,Shortage
WH488,Miami,734,2644,4,3,17,82106,S853,Groceries,3149,2.35,3.31,2.34,25240,5249,1900,201,45,49,9,Delayed,0.28,89255,336,Shortage
WH122,Dallas,4100,5099,7,2,12,52305,S668,Apparel,4137,3.94,3.9,4.6,17206,7229,10178,155,18,91,13,Delayed,0.8,69712,319,Shortage
WH202,Chicago,2011,3949,5,2,21,59432,S469,Automotive,2891,2.43,7.69,4.98,13524,12644,3492,26,33,74,9,Delayed,0.51,75568,306,Shortage
WH475,Atlanta,4328,1522,6,3,19,50887,S401,Furniture,4595,1.23,1.36,4.44,20088,17571,7604,97,31,93,10,Delayed,2.84,76062,449,Excess
WH164,Atlanta,1130,5141,2,5,14,62347,S103,Apparel,3431,1.24,4.63,3.4,42992,4735,14388,264,17,13,8,Delayed,0.22,81470,416,Shortage
WH163,Denver,691,2105,7,6,7,72227,S441,Apparel,5715,0.52,5.81,3.61,31692,9854,13762,20,20,23,14,Delayed,0.33,95843,422,Shortage
WH494,New York,3139,1614,4,2,24,63111,S187,Automotive,8588,3.2,3.5,3.89,24561,9978,14532,76,28,92,9,Delayed,1.94,87621,933,Excess
WH109,Miami,4011,4098,2,5,11,46152,S408,Automotive,5323,2.97,6.36,2.21,18705,7073,13970,9,7,83,10,Delayed,0.98,67195,534,Balanced
WH088,Denver,4839,3605,4,4,12,87571,S967,Furniture,6480,2.59,9.66,3.72,11626,5702,3342,221,35,75,11,Delayed,1.34,96615,611,Excess
WH476,New York,2870,3549,5,6,9,54988,S688,Automotive,6519,2.34,6.18,4.56,26572,13100,3192,214,36,57,13,Delayed,0.81,71280,488,Shortage
WH102,Chicago,2523,5037,2,4,7,85322,S990,Apparel,8354,2.47,3.91,1.47,39627,5718,11671,225,18,81,8,Delayed,0.5,102711,986,Shortage
WH288,Los Angeles,2981,2203,7,5,12,81725,S739,Apparel,2543,1.5,1.64,3.32,12566,12316,8711,194,49,89,14,Delayed,1.35,102752,188,Excess
WH121,Dallas,3594,4135,5,1,19,82199,S237,Electronics,5103,4.3,8.39,4.2,13566,12058,11764,185,24,18,10,Delayed,0.87,106021,495,Shortage
WH340,Miami,2753,4022,6,4,14,54693,S604,Apparel,6594,1.17,6.43,4.08,16172,3931,5384,72,29,22,11,Delayed,0.68,64008,590,Shortage
WH088,Los Angeles,4772,1457,5,1,5,40177,S829,Groceries,5640,3.76,4.83,4.96,43571,13210,3013,192,9,47,10,Delayed,3.28,56400,578,Excess
WH056,Dallas,3636,3453,8,6,11,50893,S990,Groceries,5913,2.43,4.5,3.65,38021,2774,10625,157,14,37,16,Normal,1.05,64292,359,Balanced
WH222,Dallas,2049,2313,5,3,16,44699,S496,Automotive,5031,1.79,4.97,4.5,47494,14434,14244,33,48,88,10,Delayed,0.89,73377,513,Shortage
WH034,San Francisco,2843,1770,2,5,20,87773,S849,Apparel,1507,1.05,7.55,4.34,28144,7977,1059,274,27,49,8,Delayed,1.61,96809,187,Excess
WH347,Houston,2161,1243,2,3,20,50718,S662,Automotive,8371,3.93,1.59,4.13,40991,17666,10537,26,34,76,9,Delayed,1.74,78921,937,Excess
WH026,Los Angeles,3723,4495,5,2,8,71632,S281,Electronics,1051,3.61,9.96,2.05,38342,17265,6921,93,9,66,11,Delayed,0.83,95818,99,Shortage
WH007,Chicago,3451,1006,10,4,9,65441,S919,Apparel,6401,2.83,5.38,4.96,38157,7002,4023,24,33,96,17,Normal,3.43,76466,380,Excess
WH012,Seattle,2493,1158,6,1,16,40274,S405,Electronics,7689,0.59,4.1,4.4,26879,3849,4042,12,43,99,8,Delayed,2.15,48165,1012,Excess
WH341,Denver,3796,3992,7,7,16,53322,S219,Electronics,2125,1.32,7.23,2.99,20650,10068,5006,26,30,32,15,Normal,0.95,68396,138,Balanced
WH155,San Francisco,3095,4848,6,6,12,64914,S345,Groceries,3841,3.19,2.46,4.04,43468,10594,5244,119,41,53,15,Normal,0.64,80752,252,Shortage
WH493,Denver,4116,4610,8,6,6,34868,S995,Electronics,2702,3.62,9.73,3.03,44883,12300,2152,88,45,54,18,Normal,0.89,49320,153,Shortage
WH399,Denver,4248,2155,2,4,22,52943,S685,Furniture,3942,4.41,3.88,3.64,14161,10536,6394,117,48,72,10,Delayed,1.97,69873,378,Excess
WH495,Los Angeles,3706,3087,8,3,9,86437,S527,Electronics,4339,3.3,2.13,2.11,27574,17898,2248,196,44,81,14,Delayed,1.2,106583,303,Excess
WH364,Dallas,3213,4295,7,5,19,75884,S617,Apparel,3474,3.12,7.27,2.05,49723,10859,14319,185,2,17,15,Normal,0.75,101062,229,Shortage
WH499,Seattle,2809,1747,7,2,14,70859,S254,Apparel,1314,4.81,8.83,2.06,14956,17141,13579,247,24,87,14,Delayed,1.61,101579,95,Excess
WH105,Houston,565,3432,6,2,22,70908,S732,Electronics,3326,2.31,8.06,2.86,28387,9132,14296,247,21,60,10,Delayed,0.16,94336,322,Shortage
WH434,Los Angeles,3728,3990,9,6,18,51895,S839,Automotive,9095,2.84,4.7,4.78,43242,13126,13685,171,13,52,18,Normal,0.93,78706,509,Balanced
WH493,Los Angeles,4265,4000,10,3,17,95822,S679,Apparel,2188,2.22,1.04,4.35,18618,13257,14977,276,3,23,15,Normal,1.07,124056,143,Balanced
WH145,Chicago,2215,2421,5,5,6,50560,S392,Electronics,8757,2.14,5.36,1.14,35201,12612,1619,187,47,12,12,Delayed,0.91,64791,721,Balanced
WH248,Atlanta,4784,1437,8,5,19,34112,S768,Electronics,2642,4.25,7.71,4.93,13013,4433,2674,211,25,90,17,Normal,3.33,41219,153,Excess
WH100,Los Angeles,2217,2642,6,2,10,50313,S143,Electronics,8678,1.12,6.84,4.51,34249,6848,13675,283,29,85,9,Delayed,0.84,70836,951,Shortage
WH028,New York,2543,2562,7,1,9,56665,S996,Groceries,1941,2.16,7.35,2.44,27228,4967,11925,54,38,45,10,Delayed,0.99,73557,191,Balanced
WH286,Denver,4127,2375,3,6,5,58513,S923,Apparel,1780,4.03,4.12,1.86,15638,14093,4045,255,44,75,13,Delayed,1.74,76651,136,Excess
WH060,New York,4630,3420,4,4,24,57943,S355,Groceries,8715,1.82,4.62,3.53,44641,7152,12031,82,19,34,10,Delayed,1.35,77126,887,Excess
WH274,Los Angeles,4994,1228,5,5,6,70245,S740,Furniture,8855,1.84,9.81,2.64,30671,16446,1274,153,3,85,12,Delayed,4.07,87965,747,Excess
WH319,New York,1206,4118,5,4,24,55373,S952,Apparel,9874,3.43,8.34,4.75,12227,16050,8770,250,39,41,12,Delayed,0.29,80193,794,Shortage
WH303,Denver,2850,3908,4,2,12,58194,S591,Apparel,2912,4.91,5.14,1.37,47174,18838,1891,260,15,33,11,Delayed,0.73,78923,267,Shortage
WH258,Miami,1017,4062,6,7,7,62446,S154,Automotive,7929,1.87,3.36,3.04,13932,7226,9521,222,47,72,15,Delayed,0.25,79193,533,Shortage
WH239,Chicago,610,1183,3,1,22,43540,S120,Automotive,7865,4.75,2.48,4.92,29570,17196,717,141,7,41,9,Delayed,0.52,61453,898,Shortage
WH162,Chicago,2247,4189,10,4,12,53533,S831,Apparel,5348,3.45,3.8,4.94,40767,6053,11638,63,27,80,17,Normal,0.54,71224,306,Shortage
WH361,Seattle,3672,2652,6,4,13,63188,S383,Electronics,8655,4.24,6.9,4.14,40379,19104,11161,211,50,92,14,Delayed,1.38,93453,607,Excess
WH190,Dallas,3101,898,9,2,10,81760,S434,Groceries,1225,3.74,5.84,2.6,43489,7690,3512,259,5,59,15,Delayed,3.45,92962,83,Excess
WH082,New York,739,4749,8,5,9,74847,S405,Electronics,1854,0.72,5.91,3.08,35493,2900,763,48,48,84,14,Delayed,0.16,78510,135,Shortage
WH326,San Francisco,1966,2828,6,4,19,90169,S979,Apparel,2245,3.55,5.67,2.43,34704,7944,11357,99,43,39,14,Delayed,0.7,109470,165,Shortage
WH448,Denver,1499,5099,4,6,8,33565,S651,Electronics,4985,4.46,4.34,4.25,38854,17196,7278,21,44,64,14,Delayed,0.29,58039,344,Shortage
WH309,Houston,1500,4869,3,3,13,97981,S268,Electronics,2813,1,5.28,4.15,10630,19353,10524,107,39,76,7,Delayed,0.31,127858,402,Shortage
WH067,San Francisco,2199,2979,4,4,8,45475,S955,Apparel,4946,2.11,1.35,3.63,38735,11826,3479,122,47,34,10,Delayed,0.74,60780,489,Shortage
WH351,San Francisco,634,705,6,7,11,44147,S831,Apparel,1694,3.24,8.87,1.54,25823,17306,917,276,6,62,16,Normal,0.9,62370,104,Shortage
WH386,Chicago,535,3663,6,5,21,64769,S648,Groceries,7238,1.56,0.52,4.15,21576,4079,1041,156,26,86,13,Delayed,0.15,69889,576,Shortage
WH083,Miami,2910,3448,7,7,16,84542,S315,Groceries,3837,2.73,8.08,3.88,14643,4303,5330,91,11,17,17,Normal,0.84,94175,229,Shortage
WH113,San Francisco,2373,1542,2,5,15,92064,S178,Electronics,4806,4.73,6.88,4.97,18600,5680,3070,163,48,91,12,Delayed,1.54,100814,409,Excess
WH057,Chicago,2182,712,10,2,23,67124,S221,Groceries,3908,2.62,5.35,1.34,43289,8634,13556,138,35,28,15,Delayed,3.06,89314,267,Excess
WH145,New York,4357,1521,10,5,20,65281,S830,Groceries,5909,3.94,5.45,1.83,47701,1581,5792,119,43,97,19,Normal,2.86,72654,312,Excess
WH181,Miami,3110,3322,4,7,8,88426,S663,Groceries,4584,3.79,1.45,4.92,48667,4070,9536,47,29,77,15,Delayed,0.94,102032,310,Balanced
WH068,Seattle,1636,4170,4,3,6,87751,S961,Apparel,1699,0.68,8.47,4.14,17858,9501,5919,9,38,61,8,Delayed,0.39,103171,221,Shortage
WH204,Seattle,1821,536,9,6,23,78229,S966,Electronics,8828,1.3,7.01,1.15,12831,7219,3575,204,24,48,16,Normal,3.4,89023,541,Excess
WH047,Dallas,2309,3122,7,3,16,84305,S185,Automotive,7267,4.22,2.15,2.36,23096,6377,14269,254,15,6,14,Delayed,0.74,104951,510,Shortage
